formula,trace,synthesized stl,theta optimal value,optimization time,test result,robustness,error
"G[0,2000](kart1_speed < 900)",/home/kvsakano/TeLEX/tests/data/model_08-27/playback_trace95_with_phidot.csv,"G[0.0,2000.0](kart1_speed < 900.0)",,,[True],[36.0],
"G[0,2000]((surface < 64 | surface > 64) -> F[0,60](surface < 65 & surface > 63))",/home/kvsakano/TeLEX/tests/data/model_08-27/playback_trace95_with_phidot.csv,"G[0.0,2000.0](((surface < 64.0) | (surface > 64.0)) => F[0.0,60.0]((surface < 65.0) & (surface > 63.0)))",,,[False],[-19.0],
"G[0,2000]((phidot < -0.2 | phidot > 0.2) -> kart1_speed < 850)",/home/kvsakano/TeLEX/tests/data/model_08-27/playback_trace95_with_phidot.csv,"G[0.0,2000.0](((phidot < -0.2) | (phidot > 0.2)) => (kart1_speed < 850.0))",,,[True],[0.15431732386350633],
"G[0,2000](kart1_speed < 900)",/home/kvsakano/TeLEX/tests/data/model_08-27/playback_trace88_with_phidot.csv,"G[0.0,2000.0](kart1_speed < 900.0)",,,[False],[-12.0],
"G[0,2000]((surface < 64 | surface > 64) -> F[0,60](surface < 65 & surface > 63))",/home/kvsakano/TeLEX/tests/data/model_08-27/playback_trace88_with_phidot.csv,"G[0.0,2000.0](((surface < 64.0) | (surface > 64.0)) => F[0.0,60.0]((surface < 65.0) & (surface > 63.0)))",,,[False],[-19.0],
"G[0,2000]((phidot < -0.2 | phidot > 0.2) -> kart1_speed < 850)",/home/kvsakano/TeLEX/tests/data/model_08-27/playback_trace88_with_phidot.csv,"G[0.0,2000.0](((phidot < -0.2) | (phidot > 0.2)) => (kart1_speed < 850.0))",,,[False],[-2.9309549808502195],
"G[0,2000](kart1_speed < 900)",/home/kvsakano/TeLEX/tests/data/model_08-27/playback_trace34_with_phidot.csv,"G[0.0,2000.0](kart1_speed < 900.0)",,,[False],[-12.0],
"G[0,2000]((surface < 64 | surface > 64) -> F[0,60](surface < 65 & surface > 63))",/home/kvsakano/TeLEX/tests/data/model_08-27/playback_trace34_with_phidot.csv,"G[0.0,2000.0](((surface < 64.0) | (surface > 64.0)) => F[0.0,60.0]((surface < 65.0) & (surface > 63.0)))",,,[False],[-19.0],
"G[0,2000]((phidot < -0.2 | phidot > 0.2) -> kart1_speed < 850)",/home/kvsakano/TeLEX/tests/data/model_08-27/playback_trace34_with_phidot.csv,"G[0.0,2000.0](((phidot < -0.2) | (phidot > 0.2)) => (kart1_speed < 850.0))",,,[False],[-2.9290559768676756],
"G[0,2000](kart1_speed < 900)",/home/kvsakano/TeLEX/tests/data/model_08-27/playback_trace54_with_phidot.csv,"G[0.0,2000.0](kart1_speed < 900.0)",,,[False],[-12.0],
"G[0,2000]((surface < 64 | surface > 64) -> F[0,60](surface < 65 & surface > 63))",/home/kvsakano/TeLEX/tests/data/model_08-27/playback_trace54_with_phidot.csv,"G[0.0,2000.0](((surface < 64.0) | (surface > 64.0)) => F[0.0,60.0]((surface < 65.0) & (surface > 63.0)))",,,[False],[-19.0],
"G[0,2000]((phidot < -0.2 | phidot > 0.2) -> kart1_speed < 850)",/home/kvsakano/TeLEX/tests/data/model_08-27/playback_trace54_with_phidot.csv,"G[0.0,2000.0](((phidot < -0.2) | (phidot > 0.2)) => (kart1_speed < 850.0))",,,[False],[-2.9380715370178221],
"G[0,2000](kart1_speed < 900)",/home/kvsakano/TeLEX/tests/data/model_08-27/playback_trace14_with_phidot.csv,"G[0.0,2000.0](kart1_speed < 900.0)",,,[False],[-12.0],
"G[0,2000]((surface < 64 | surface > 64) -> F[0,60](surface < 65 & surface > 63))",/home/kvsakano/TeLEX/tests/data/model_08-27/playback_trace14_with_phidot.csv,"G[0.0,2000.0](((surface < 64.0) | (surface > 64.0)) => F[0.0,60.0]((surface < 65.0) & (surface > 63.0)))",,,[False],[-19.0],
"G[0,2000]((phidot < -0.2 | phidot > 0.2) -> kart1_speed < 850)",/home/kvsakano/TeLEX/tests/data/model_08-27/playback_trace14_with_phidot.csv,"G[0.0,2000.0](((phidot < -0.2) | (phidot > 0.2)) => (kart1_speed < 850.0))",,,[False],[-2.9307234764099119],
"G[0,2000](kart1_speed < 900)",/home/kvsakano/TeLEX/tests/data/model_08-27/playback_trace38_with_phidot.csv,"G[0.0,2000.0](kart1_speed < 900.0)",,,[False],[-12.0],
"G[0,2000]((surface < 64 | surface > 64) -> F[0,60](surface < 65 & surface > 63))",/home/kvsakano/TeLEX/tests/data/model_08-27/playback_trace38_with_phidot.csv,"G[0.0,2000.0](((surface < 64.0) | (surface > 64.0)) => F[0.0,60.0]((surface < 65.0) & (surface > 63.0)))",,,[False],[-19.0],
"G[0,2000]((phidot < -0.2 | phidot > 0.2) -> kart1_speed < 850)",/home/kvsakano/TeLEX/tests/data/model_08-27/playback_trace38_with_phidot.csv,"G[0.0,2000.0](((phidot < -0.2) | (phidot > 0.2)) => (kart1_speed < 850.0))",,,[False],[-2.9345381736755369],
"G[0,2000](kart1_speed < 900)",/home/kvsakano/TeLEX/tests/data/model_08-27/playback_trace13_with_phidot.csv,"G[0.0,2000.0](kart1_speed < 900.0)",,,[False],[-12.0],
"G[0,2000]((surface < 64 | surface > 64) -> F[0,60](surface < 65 & surface > 63))",/home/kvsakano/TeLEX/tests/data/model_08-27/playback_trace13_with_phidot.csv,"G[0.0,2000.0](((surface < 64.0) | (surface > 64.0)) => F[0.0,60.0]((surface < 65.0) & (surface > 63.0)))",,,[False],[-19.0],
"G[0,2000]((phidot < -0.2 | phidot > 0.2) -> kart1_speed < 850)",/home/kvsakano/TeLEX/tests/data/model_08-27/playback_trace13_with_phidot.csv,"G[0.0,2000.0](((phidot < -0.2) | (phidot > 0.2)) => (kart1_speed < 850.0))",,,[False],[-2.9380465030670164],
"G[0,2000](kart1_speed < 900)",/home/kvsakano/TeLEX/tests/data/model_08-27/playback_trace81_with_phidot.csv,"G[0.0,2000.0](kart1_speed < 900.0)",,,[False],[-12.0],
"G[0,2000]((surface < 64 | surface > 64) -> F[0,60](surface < 65 & surface > 63))",/home/kvsakano/TeLEX/tests/data/model_08-27/playback_trace81_with_phidot.csv,"G[0.0,2000.0](((surface < 64.0) | (surface > 64.0)) => F[0.0,60.0]((surface < 65.0) & (surface > 63.0)))",,,[False],[-19.0],
"G[0,2000]((phidot < -0.2 | phidot > 0.2) -> kart1_speed < 850)",/home/kvsakano/TeLEX/tests/data/model_08-27/playback_trace81_with_phidot.csv,"G[0.0,2000.0](((phidot < -0.2) | (phidot > 0.2)) => (kart1_speed < 850.0))",,,[False],[-2.9397612094879149],
"G[0,2000](kart1_speed < 900)",/home/kvsakano/TeLEX/tests/data/model_08-27/playback_trace91_with_phidot.csv,"G[0.0,2000.0](kart1_speed < 900.0)",,,[False],[-12.0],
"G[0,2000]((surface < 64 | surface > 64) -> F[0,60](surface < 65 & surface > 63))",/home/kvsakano/TeLEX/tests/data/model_08-27/playback_trace91_with_phidot.csv,"G[0.0,2000.0](((surface < 64.0) | (surface > 64.0)) => F[0.0,60.0]((surface < 65.0) & (surface > 63.0)))",,,[False],[-19.0],
"G[0,2000]((phidot < -0.2 | phidot > 0.2) -> kart1_speed < 850)",/home/kvsakano/TeLEX/tests/data/model_08-27/playback_trace91_with_phidot.csv,"G[0.0,2000.0](((phidot < -0.2) | (phidot > 0.2)) => (kart1_speed < 850.0))",,,[False],[-2.9398196220397947],
"G[0,2000](kart1_speed < 900)",/home/kvsakano/TeLEX/tests/data/model_08-27/playback_trace49_with_phidot.csv,"G[0.0,2000.0](kart1_speed < 900.0)",,,[False],[-12.0],
"G[0,2000]((surface < 64 | surface > 64) -> F[0,60](surface < 65 & surface > 63))",/home/kvsakano/TeLEX/tests/data/model_08-27/playback_trace49_with_phidot.csv,"G[0.0,2000.0](((surface < 64.0) | (surface > 64.0)) => F[0.0,60.0]((surface < 65.0) & (surface > 63.0)))",,,[False],[-19.0],
"G[0,2000]((phidot < -0.2 | phidot > 0.2) -> kart1_speed < 850)",/home/kvsakano/TeLEX/tests/data/model_08-27/playback_trace49_with_phidot.csv,"G[0.0,2000.0](((phidot < -0.2) | (phidot > 0.2)) => (kart1_speed < 850.0))",,,[False],[-2.9380715370178221],
"G[0,2000](kart1_speed < 900)",/home/kvsakano/TeLEX/tests/data/model_08-27/playback_trace12_with_phidot.csv,"G[0.0,2000.0](kart1_speed < 900.0)",,,[False],[-12.0],
"G[0,2000]((surface < 64 | surface > 64) -> F[0,60](surface < 65 & surface > 63))",/home/kvsakano/TeLEX/tests/data/model_08-27/playback_trace12_with_phidot.csv,"G[0.0,2000.0](((surface < 64.0) | (surface > 64.0)) => F[0.0,60.0]((surface < 65.0) & (surface > 63.0)))",,,[False],[-19.0],
"G[0,2000]((phidot < -0.2 | phidot > 0.2) -> kart1_speed < 850)",/home/kvsakano/TeLEX/tests/data/model_08-27/playback_trace12_with_phidot.csv,"G[0.0,2000.0](((phidot < -0.2) | (phidot > 0.2)) => (kart1_speed < 850.0))",,,[False],[-2.9308028697967528],
"G[0,2000](kart1_speed < 900)",/home/kvsakano/TeLEX/tests/data/model_08-27/playback_trace07_with_phidot.csv,"G[0.0,2000.0](kart1_speed < 900.0)",,,[True],[42.0],
"G[0,2000]((surface < 64 | surface > 64) -> F[0,60](surface < 65 & surface > 63))",/home/kvsakano/TeLEX/tests/data/model_08-27/playback_trace07_with_phidot.csv,"G[0.0,2000.0](((surface < 64.0) | (surface > 64.0)) => F[0.0,60.0]((surface < 65.0) & (surface > 63.0)))",,,[False],[-19.0],
"G[0,2000]((phidot < -0.2 | phidot > 0.2) -> kart1_speed < 850)",/home/kvsakano/TeLEX/tests/data/model_08-27/playback_trace07_with_phidot.csv,"G[0.0,2000.0](((phidot < -0.2) | (phidot > 0.2)) => (kart1_speed < 850.0))",,,[True],[0.049222630262374889],
"G[0,2000](kart1_speed < 900)",/home/kvsakano/TeLEX/tests/data/model_08-27/playback_trace17_with_phidot.csv,"G[0.0,2000.0](kart1_speed < 900.0)",,,[False],[-12.0],
"G[0,2000]((surface < 64 | surface > 64) -> F[0,60](surface < 65 & surface > 63))",/home/kvsakano/TeLEX/tests/data/model_08-27/playback_trace17_with_phidot.csv,"G[0.0,2000.0](((surface < 64.0) | (surface > 64.0)) => F[0.0,60.0]((surface < 65.0) & (surface > 63.0)))",,,[False],[-19.0],
"G[0,2000]((phidot < -0.2 | phidot > 0.2) -> kart1_speed < 850)",/home/kvsakano/TeLEX/tests/data/model_08-27/playback_trace17_with_phidot.csv,"G[0.0,2000.0](((phidot < -0.2) | (phidot > 0.2)) => (kart1_speed < 850.0))",,,[False],[-2.9254329681396483],
"G[0,2000](kart1_speed < 900)",/home/kvsakano/TeLEX/tests/data/model_08-27/playback_trace60_with_phidot.csv,"G[0.0,2000.0](kart1_speed < 900.0)",,,[False],[-12.0],
"G[0,2000]((surface < 64 | surface > 64) -> F[0,60](surface < 65 & surface > 63))",/home/kvsakano/TeLEX/tests/data/model_08-27/playback_trace60_with_phidot.csv,"G[0.0,2000.0](((surface < 64.0) | (surface > 64.0)) => F[0.0,60.0]((surface < 65.0) & (surface > 63.0)))",,,[False],[-19.0],
"G[0,2000]((phidot < -0.2 | phidot > 0.2) -> kart1_speed < 850)",/home/kvsakano/TeLEX/tests/data/model_08-27/playback_trace60_with_phidot.csv,"G[0.0,2000.0](((phidot < -0.2) | (phidot > 0.2)) => (kart1_speed < 850.0))",,,[False],[-2.9397941112518309],
"G[0,2000](kart1_speed < 900)",/home/kvsakano/TeLEX/tests/data/model_08-27/playback_trace19_with_phidot.csv,"G[0.0,2000.0](kart1_speed < 900.0)",,,[False],[-12.0],
"G[0,2000]((surface < 64 | surface > 64) -> F[0,60](surface < 65 & surface > 63))",/home/kvsakano/TeLEX/tests/data/model_08-27/playback_trace19_with_phidot.csv,"G[0.0,2000.0](((surface < 64.0) | (surface > 64.0)) => F[0.0,60.0]((surface < 65.0) & (surface > 63.0)))",,,[False],[-19.0],
"G[0,2000]((phidot < -0.2 | phidot > 0.2) -> kart1_speed < 850)",/home/kvsakano/TeLEX/tests/data/model_08-27/playback_trace19_with_phidot.csv,"G[0.0,2000.0](((phidot < -0.2) | (phidot > 0.2)) => (kart1_speed < 850.0))",,,[False],[-2.9380212306976317],
"G[0,2000](kart1_speed < 900)",/home/kvsakano/TeLEX/tests/data/model_08-27/playback_trace44_with_phidot.csv,"G[0.0,2000.0](kart1_speed < 900.0)",,,[True],[21.0],
"G[0,2000]((surface < 64 | surface > 64) -> F[0,60](surface < 65 & surface > 63))",/home/kvsakano/TeLEX/tests/data/model_08-27/playback_trace44_with_phidot.csv,"G[0.0,2000.0](((surface < 64.0) | (surface > 64.0)) => F[0.0,60.0]((surface < 65.0) & (surface > 63.0)))",,,[False],[-19.0],
"G[0,2000]((phidot < -0.2 | phidot > 0.2) -> kart1_speed < 850)",/home/kvsakano/TeLEX/tests/data/model_08-27/playback_trace44_with_phidot.csv,"G[0.0,2000.0](((phidot < -0.2) | (phidot > 0.2)) => (kart1_speed < 850.0))",,,[True],[0.16939766034483911],
"G[0,2000](kart1_speed < 900)",/home/kvsakano/TeLEX/tests/data/model_08-27/playback_trace84_with_phidot.csv,"G[0.0,2000.0](kart1_speed < 900.0)",,,[True],[27.0],
"G[0,2000]((surface < 64 | surface > 64) -> F[0,60](surface < 65 & surface > 63))",/home/kvsakano/TeLEX/tests/data/model_08-27/playback_trace84_with_phidot.csv,"G[0.0,2000.0](((surface < 64.0) | (surface > 64.0)) => F[0.0,60.0]((surface < 65.0) & (surface > 63.0)))",,,[False],[-19.0],
"G[0,2000]((phidot < -0.2 | phidot > 0.2) -> kart1_speed < 850)",/home/kvsakano/TeLEX/tests/data/model_08-27/playback_trace84_with_phidot.csv,"G[0.0,2000.0](((phidot < -0.2) | (phidot > 0.2)) => (kart1_speed < 850.0))",,,[True],[0.15192796364426614],
"G[0,2000](kart1_speed < 900)",/home/kvsakano/TeLEX/tests/data/model_08-27/playback_trace09_with_phidot.csv,"G[0.0,2000.0](kart1_speed < 900.0)",,,[False],[-12.0],
"G[0,2000]((surface < 64 | surface > 64) -> F[0,60](surface < 65 & surface > 63))",/home/kvsakano/TeLEX/tests/data/model_08-27/playback_trace09_with_phidot.csv,"G[0.0,2000.0](((surface < 64.0) | (surface > 64.0)) => F[0.0,60.0]((surface < 65.0) & (surface > 63.0)))",,,[False],[-19.0],
"G[0,2000]((phidot < -0.2 | phidot > 0.2) -> kart1_speed < 850)",/home/kvsakano/TeLEX/tests/data/model_08-27/playback_trace09_with_phidot.csv,"G[0.0,2000.0](((phidot < -0.2) | (phidot > 0.2)) => (kart1_speed < 850.0))",,,[False],[-2.9274476051330565],
"G[0,2000](kart1_speed < 900)",/home/kvsakano/TeLEX/tests/data/model_08-27/playback_trace65_with_phidot.csv,"G[0.0,2000.0](kart1_speed < 900.0)",,,[False],[-12.0],
"G[0,2000]((surface < 64 | surface > 64) -> F[0,60](surface < 65 & surface > 63))",/home/kvsakano/TeLEX/tests/data/model_08-27/playback_trace65_with_phidot.csv,"G[0.0,2000.0](((surface < 64.0) | (surface > 64.0)) => F[0.0,60.0]((surface < 65.0) & (surface > 63.0)))",,,[False],[-19.0],
"G[0,2000]((phidot < -0.2 | phidot > 0.2) -> kart1_speed < 850)",/home/kvsakano/TeLEX/tests/data/model_08-27/playback_trace65_with_phidot.csv,"G[0.0,2000.0](((phidot < -0.2) | (phidot > 0.2)) => (kart1_speed < 850.0))",,,[False],[-2.9363234519958494],
"G[0,2000](kart1_speed < 900)",/home/kvsakano/TeLEX/tests/data/model_08-27/playback_trace29_with_phidot.csv,"G[0.0,2000.0](kart1_speed < 900.0)",,,[True],[40.0],
"G[0,2000]((surface < 64 | surface > 64) -> F[0,60](surface < 65 & surface > 63))",/home/kvsakano/TeLEX/tests/data/model_08-27/playback_trace29_with_phidot.csv,"G[0.0,2000.0](((surface < 64.0) | (surface > 64.0)) => F[0.0,60.0]((surface < 65.0) & (surface > 63.0)))",,,[False],[-19.0],
"G[0,2000]((phidot < -0.2 | phidot > 0.2) -> kart1_speed < 850)",/home/kvsakano/TeLEX/tests/data/model_08-27/playback_trace29_with_phidot.csv,"G[0.0,2000.0](((phidot < -0.2) | (phidot > 0.2)) => (kart1_speed < 850.0))",,,[True],[0.16793607622385026],
"G[0,2000](kart1_speed < 900)",/home/kvsakano/TeLEX/tests/data/model_08-27/playback_trace08_with_phidot.csv,"G[0.0,2000.0](kart1_speed < 900.0)",,,[False],[-12.0],
"G[0,2000]((surface < 64 | surface > 64) -> F[0,60](surface < 65 & surface > 63))",/home/kvsakano/TeLEX/tests/data/model_08-27/playback_trace08_with_phidot.csv,"G[0.0,2000.0](((surface < 64.0) | (surface > 64.0)) => F[0.0,60.0]((surface < 65.0) & (surface > 63.0)))",,,[False],[-19.0],
"G[0,2000]((phidot < -0.2 | phidot > 0.2) -> kart1_speed < 850)",/home/kvsakano/TeLEX/tests/data/model_08-27/playback_trace08_with_phidot.csv,"G[0.0,2000.0](((phidot < -0.2) | (phidot > 0.2)) => (kart1_speed < 850.0))",,,[False],[-2.9380715370178221],
"G[0,2000](kart1_speed < 900)",/home/kvsakano/TeLEX/tests/data/model_08-27/playback_trace42_with_phidot.csv,"G[0.0,2000.0](kart1_speed < 900.0)",,,[False],[-12.0],
"G[0,2000]((surface < 64 | surface > 64) -> F[0,60](surface < 65 & surface > 63))",/home/kvsakano/TeLEX/tests/data/model_08-27/playback_trace42_with_phidot.csv,"G[0.0,2000.0](((surface < 64.0) | (surface > 64.0)) => F[0.0,60.0]((surface < 65.0) & (surface > 63.0)))",,,[False],[-19.0],
"G[0,2000]((phidot < -0.2 | phidot > 0.2) -> kart1_speed < 850)",/home/kvsakano/TeLEX/tests/data/model_08-27/playback_trace42_with_phidot.csv,"G[0.0,2000.0](((phidot < -0.2) | (phidot > 0.2)) => (kart1_speed < 850.0))",,,[False],[-2.9363480091094969],
"G[0,2000](kart1_speed < 900)",/home/kvsakano/TeLEX/tests/data/model_08-27/playback_trace99_with_phidot.csv,"G[0.0,2000.0](kart1_speed < 900.0)",,,[True],[57.0],
"G[0,2000]((surface < 64 | surface > 64) -> F[0,60](surface < 65 & surface > 63))",/home/kvsakano/TeLEX/tests/data/model_08-27/playback_trace99_with_phidot.csv,"G[0.0,2000.0](((surface < 64.0) | (surface > 64.0)) => F[0.0,60.0]((surface < 65.0) & (surface > 63.0)))",,,[False],[-19.0],
"G[0,2000]((phidot < -0.2 | phidot > 0.2) -> kart1_speed < 850)",/home/kvsakano/TeLEX/tests/data/model_08-27/playback_trace99_with_phidot.csv,"G[0.0,2000.0](((phidot < -0.2) | (phidot > 0.2)) => (kart1_speed < 850.0))",,,[True],[7.0],
"G[0,2000](kart1_speed < 900)",/home/kvsakano/TeLEX/tests/data/model_08-27/playback_trace50_with_phidot.csv,"G[0.0,2000.0](kart1_speed < 900.0)",,,[False],[-5.0],
"G[0,2000]((surface < 64 | surface > 64) -> F[0,60](surface < 65 & surface > 63))",/home/kvsakano/TeLEX/tests/data/model_08-27/playback_trace50_with_phidot.csv,"G[0.0,2000.0](((surface < 64.0) | (surface > 64.0)) => F[0.0,60.0]((surface < 65.0) & (surface > 63.0)))",,,[False],[-19.0],
"G[0,2000]((phidot < -0.2 | phidot > 0.2) -> kart1_speed < 850)",/home/kvsakano/TeLEX/tests/data/model_08-27/playback_trace50_with_phidot.csv,"G[0.0,2000.0](((phidot < -0.2) | (phidot > 0.2)) => (kart1_speed < 850.0))",,,[False],[-2.9398069858551024],
"G[0,2000](kart1_speed < 900)",/home/kvsakano/TeLEX/tests/data/model_08-27/playback_trace45_with_phidot.csv,"G[0.0,2000.0](kart1_speed < 900.0)",,,[True],[31.0],
"G[0,2000]((surface < 64 | surface > 64) -> F[0,60](surface < 65 & surface > 63))",/home/kvsakano/TeLEX/tests/data/model_08-27/playback_trace45_with_phidot.csv,"G[0.0,2000.0](((surface < 64.0) | (surface > 64.0)) => F[0.0,60.0]((surface < 65.0) & (surface > 63.0)))",,,[False],[-19.0],
"G[0,2000]((phidot < -0.2 | phidot > 0.2) -> kart1_speed < 850)",/home/kvsakano/TeLEX/tests/data/model_08-27/playback_trace45_with_phidot.csv,"G[0.0,2000.0](((phidot < -0.2) | (phidot > 0.2)) => (kart1_speed < 850.0))",,,[True],[0.065551412105560314],
"G[0,2000](kart1_speed < 900)",/home/kvsakano/TeLEX/tests/data/model_08-27/playback_trace75_with_phidot.csv,"G[0.0,2000.0](kart1_speed < 900.0)",,,[False],[-12.0],
"G[0,2000]((surface < 64 | surface > 64) -> F[0,60](surface < 65 & surface > 63))",/home/kvsakano/TeLEX/tests/data/model_08-27/playback_trace75_with_phidot.csv,"G[0.0,2000.0](((surface < 64.0) | (surface > 64.0)) => F[0.0,60.0]((surface < 65.0) & (surface > 63.0)))",,,[False],[-19.0],
"G[0,2000]((phidot < -0.2 | phidot > 0.2) -> kart1_speed < 850)",/home/kvsakano/TeLEX/tests/data/model_08-27/playback_trace75_with_phidot.csv,"G[0.0,2000.0](((phidot < -0.2) | (phidot > 0.2)) => (kart1_speed < 850.0))",,,[False],[-2.9398382186889647],
"G[0,2000](kart1_speed < 900)",/home/kvsakano/TeLEX/tests/data/model_08-27/playback_trace82_with_phidot.csv,"G[0.0,2000.0](kart1_speed < 900.0)",,,[False],[-8.0],
"G[0,2000]((surface < 64 | surface > 64) -> F[0,60](surface < 65 & surface > 63))",/home/kvsakano/TeLEX/tests/data/model_08-27/playback_trace82_with_phidot.csv,"G[0.0,2000.0](((surface < 64.0) | (surface > 64.0)) => F[0.0,60.0]((surface < 65.0) & (surface > 63.0)))",,,[False],[-19.0],
"G[0,2000]((phidot < -0.2 | phidot > 0.2) -> kart1_speed < 850)",/home/kvsakano/TeLEX/tests/data/model_08-27/playback_trace82_with_phidot.csv,"G[0.0,2000.0](((phidot < -0.2) | (phidot > 0.2)) => (kart1_speed < 850.0))",,,[False],[-2.9398196220397947],
"G[0,2000](kart1_speed < 900)",/home/kvsakano/TeLEX/tests/data/model_08-27/playback_trace36_with_phidot.csv,"G[0.0,2000.0](kart1_speed < 900.0)",,,[False],[-12.0],
"G[0,2000]((surface < 64 | surface > 64) -> F[0,60](surface < 65 & surface > 63))",/home/kvsakano/TeLEX/tests/data/model_08-27/playback_trace36_with_phidot.csv,"G[0.0,2000.0](((surface < 64.0) | (surface > 64.0)) => F[0.0,60.0]((surface < 65.0) & (surface > 63.0)))",,,[False],[-19.0],
"G[0,2000]((phidot < -0.2 | phidot > 0.2) -> kart1_speed < 850)",/home/kvsakano/TeLEX/tests/data/model_08-27/playback_trace36_with_phidot.csv,"G[0.0,2000.0](((phidot < -0.2) | (phidot > 0.2)) => (kart1_speed < 850.0))",,,[False],[-2.9309547424316404],
"G[0,2000](kart1_speed < 900)",/home/kvsakano/TeLEX/tests/data/model_08-27/playback_trace79_with_phidot.csv,"G[0.0,2000.0](kart1_speed < 900.0)",,,[False],[-12.0],
"G[0,2000]((surface < 64 | surface > 64) -> F[0,60](surface < 65 & surface > 63))",/home/kvsakano/TeLEX/tests/data/model_08-27/playback_trace79_with_phidot.csv,"G[0.0,2000.0](((surface < 64.0) | (surface > 64.0)) => F[0.0,60.0]((surface < 65.0) & (surface > 63.0)))",,,[False],[-19.0],
"G[0,2000]((phidot < -0.2 | phidot > 0.2) -> kart1_speed < 850)",/home/kvsakano/TeLEX/tests/data/model_08-27/playback_trace79_with_phidot.csv,"G[0.0,2000.0](((phidot < -0.2) | (phidot > 0.2)) => (kart1_speed < 850.0))",,,[False],[-2.9344499588012694],
"G[0,2000](kart1_speed < 900)",/home/kvsakano/TeLEX/tests/data/model_08-27/playback_trace78_with_phidot.csv,"G[0.0,2000.0](kart1_speed < 900.0)",,,[False],[-12.0],
"G[0,2000]((surface < 64 | surface > 64) -> F[0,60](surface < 65 & surface > 63))",/home/kvsakano/TeLEX/tests/data/model_08-27/playback_trace78_with_phidot.csv,"G[0.0,2000.0](((surface < 64.0) | (surface > 64.0)) => F[0.0,60.0]((surface < 65.0) & (surface > 63.0)))",,,[False],[-19.0],
"G[0,2000]((phidot < -0.2 | phidot > 0.2) -> kart1_speed < 850)",/home/kvsakano/TeLEX/tests/data/model_08-27/playback_trace78_with_phidot.csv,"G[0.0,2000.0](((phidot < -0.2) | (phidot > 0.2)) => (kart1_speed < 850.0))",,,[False],[-2.936235475540161],
"G[0,2000](kart1_speed < 900)",/home/kvsakano/TeLEX/tests/data/model_08-27/playback_trace11_with_phidot.csv,"G[0.0,2000.0](kart1_speed < 900.0)",,,[True],[2.0],
"G[0,2000]((surface < 64 | surface > 64) -> F[0,60](surface < 65 & surface > 63))",/home/kvsakano/TeLEX/tests/data/model_08-27/playback_trace11_with_phidot.csv,"G[0.0,2000.0](((surface < 64.0) | (surface > 64.0)) => F[0.0,60.0]((surface < 65.0) & (surface > 63.0)))",,,[False],[-19.0],
"G[0,2000]((phidot < -0.2 | phidot > 0.2) -> kart1_speed < 850)",/home/kvsakano/TeLEX/tests/data/model_08-27/playback_trace11_with_phidot.csv,"G[0.0,2000.0](((phidot < -0.2) | (phidot > 0.2)) => (kart1_speed < 850.0))",,,[False],[-2.9323473453521727],
"G[0,2000](kart1_speed < 900)",/home/kvsakano/TeLEX/tests/data/model_08-27/playback_trace06_with_phidot.csv,"G[0.0,2000.0](kart1_speed < 900.0)",,,[False],[-12.0],
"G[0,2000]((surface < 64 | surface > 64) -> F[0,60](surface < 65 & surface > 63))",/home/kvsakano/TeLEX/tests/data/model_08-27/playback_trace06_with_phidot.csv,"G[0.0,2000.0](((surface < 64.0) | (surface > 64.0)) => F[0.0,60.0]((surface < 65.0) & (surface > 63.0)))",,,[False],[-19.0],
"G[0,2000]((phidot < -0.2 | phidot > 0.2) -> kart1_speed < 850)",/home/kvsakano/TeLEX/tests/data/model_08-27/playback_trace06_with_phidot.csv,"G[0.0,2000.0](((phidot < -0.2) | (phidot > 0.2)) => (kart1_speed < 850.0))",,,[False],[-2.9398196220397947],
"G[0,2000](kart1_speed < 900)",/home/kvsakano/TeLEX/tests/data/model_08-27/playback_trace64_with_phidot.csv,"G[0.0,2000.0](kart1_speed < 900.0)",,,[False],[-12.0],
"G[0,2000]((surface < 64 | surface > 64) -> F[0,60](surface < 65 & surface > 63))",/home/kvsakano/TeLEX/tests/data/model_08-27/playback_trace64_with_phidot.csv,"G[0.0,2000.0](((surface < 64.0) | (surface > 64.0)) => F[0.0,60.0]((surface < 65.0) & (surface > 63.0)))",,,[False],[-19.0],
"G[0,2000]((phidot < -0.2 | phidot > 0.2) -> kart1_speed < 850)",/home/kvsakano/TeLEX/tests/data/model_08-27/playback_trace64_with_phidot.csv,"G[0.0,2000.0](((phidot < -0.2) | (phidot > 0.2)) => (kart1_speed < 850.0))",,,[False],[-2.9398382186889647],
"G[0,2000](kart1_speed < 900)",/home/kvsakano/TeLEX/tests/data/model_08-27/playback_trace96_with_phidot.csv,"G[0.0,2000.0](kart1_speed < 900.0)",,,[False],[-12.0],
"G[0,2000]((surface < 64 | surface > 64) -> F[0,60](surface < 65 & surface > 63))",/home/kvsakano/TeLEX/tests/data/model_08-27/playback_trace96_with_phidot.csv,"G[0.0,2000.0](((surface < 64.0) | (surface > 64.0)) => F[0.0,60.0]((surface < 65.0) & (surface > 63.0)))",,,[False],[-19.0],
"G[0,2000]((phidot < -0.2 | phidot > 0.2) -> kart1_speed < 850)",/home/kvsakano/TeLEX/tests/data/model_08-27/playback_trace96_with_phidot.csv,"G[0.0,2000.0](((phidot < -0.2) | (phidot > 0.2)) => (kart1_speed < 850.0))",,,[False],[-2.9398196220397947],
"G[0,2000](kart1_speed < 900)",/home/kvsakano/TeLEX/tests/data/model_08-27/playback_trace23_with_phidot.csv,"G[0.0,2000.0](kart1_speed < 900.0)",,,[False],[-12.0],
"G[0,2000]((surface < 64 | surface > 64) -> F[0,60](surface < 65 & surface > 63))",/home/kvsakano/TeLEX/tests/data/model_08-27/playback_trace23_with_phidot.csv,"G[0.0,2000.0](((surface < 64.0) | (surface > 64.0)) => F[0.0,60.0]((surface < 65.0) & (surface > 63.0)))",,,[False],[-19.0],
"G[0,2000]((phidot < -0.2 | phidot > 0.2) -> kart1_speed < 850)",/home/kvsakano/TeLEX/tests/data/model_08-27/playback_trace23_with_phidot.csv,"G[0.0,2000.0](((phidot < -0.2) | (phidot > 0.2)) => (kart1_speed < 850.0))",,,[False],[-2.9380839347839354],
"G[0,2000](kart1_speed < 900)",/home/kvsakano/TeLEX/tests/data/model_08-27/playback_trace62_with_phidot.csv,"G[0.0,2000.0](kart1_speed < 900.0)",,,[False],[-12.0],
"G[0,2000]((surface < 64 | surface > 64) -> F[0,60](surface < 65 & surface > 63))",/home/kvsakano/TeLEX/tests/data/model_08-27/playback_trace62_with_phidot.csv,"G[0.0,2000.0](((surface < 64.0) | (surface > 64.0)) => F[0.0,60.0]((surface < 65.0) & (surface > 63.0)))",,,[False],[-19.0],
"G[0,2000]((phidot < -0.2 | phidot > 0.2) -> kart1_speed < 850)",/home/kvsakano/TeLEX/tests/data/model_08-27/playback_trace62_with_phidot.csv,"G[0.0,2000.0](((phidot < -0.2) | (phidot > 0.2)) => (kart1_speed < 850.0))",,,[False],[-2.934500741958618],
"G[0,2000](kart1_speed < 900)",/home/kvsakano/TeLEX/tests/data/model_08-27/playback_trace98_with_phidot.csv,"G[0.0,2000.0](kart1_speed < 900.0)",,,[True],[27.0],
"G[0,2000]((surface < 64 | surface > 64) -> F[0,60](surface < 65 & surface > 63))",/home/kvsakano/TeLEX/tests/data/model_08-27/playback_trace98_with_phidot.csv,"G[0.0,2000.0](((surface < 64.0) | (surface > 64.0)) => F[0.0,60.0]((surface < 65.0) & (surface > 63.0)))",,,[False],[-19.0],
"G[0,2000]((phidot < -0.2 | phidot > 0.2) -> kart1_speed < 850)",/home/kvsakano/TeLEX/tests/data/model_08-27/playback_trace98_with_phidot.csv,"G[0.0,2000.0](((phidot < -0.2) | (phidot > 0.2)) => (kart1_speed < 850.0))",,,[True],[0.053637307882308971],
"G[0,2000](kart1_speed < 900)",/home/kvsakano/TeLEX/tests/data/model_08-27/playback_trace20_with_phidot.csv,"G[0.0,2000.0](kart1_speed < 900.0)",,,[True],[23.0],
"G[0,2000]((surface < 64 | surface > 64) -> F[0,60](surface < 65 & surface > 63))",/home/kvsakano/TeLEX/tests/data/model_08-27/playback_trace20_with_phidot.csv,"G[0.0,2000.0](((surface < 64.0) | (surface > 64.0)) => F[0.0,60.0]((surface < 65.0) & (surface > 63.0)))",,,[False],[-19.0],
"G[0,2000]((phidot < -0.2 | phidot > 0.2) -> kart1_speed < 850)",/home/kvsakano/TeLEX/tests/data/model_08-27/playback_trace20_with_phidot.csv,"G[0.0,2000.0](((phidot < -0.2) | (phidot > 0.2)) => (kart1_speed < 850.0))",,,[True],[0.17405405342578889],
"G[0,2000](kart1_speed < 900)",/home/kvsakano/TeLEX/tests/data/model_08-27/playback_trace04_with_phidot.csv,"G[0.0,2000.0](kart1_speed < 900.0)",,,[False],[-12.0],
"G[0,2000]((surface < 64 | surface > 64) -> F[0,60](surface < 65 & surface > 63))",/home/kvsakano/TeLEX/tests/data/model_08-27/playback_trace04_with_phidot.csv,"G[0.0,2000.0](((surface < 64.0) | (surface > 64.0)) => F[0.0,60.0]((surface < 65.0) & (surface > 63.0)))",,,[False],[-19.0],
"G[0,2000]((phidot < -0.2 | phidot > 0.2) -> kart1_speed < 850)",/home/kvsakano/TeLEX/tests/data/model_08-27/playback_trace04_with_phidot.csv,"G[0.0,2000.0](((phidot < -0.2) | (phidot > 0.2)) => (kart1_speed < 850.0))",,,[False],[-2.9345260143280028],
"G[0,2000](kart1_speed < 900)",/home/kvsakano/TeLEX/tests/data/model_08-27/playback_trace00_with_phidot.csv,"G[0.0,2000.0](kart1_speed < 900.0)",,,[True],[40.0],
"G[0,2000]((surface < 64 | surface > 64) -> F[0,60](surface < 65 & surface > 63))",/home/kvsakano/TeLEX/tests/data/model_08-27/playback_trace00_with_phidot.csv,"G[0.0,2000.0](((surface < 64.0) | (surface > 64.0)) => F[0.0,60.0]((surface < 65.0) & (surface > 63.0)))",,,[False],[-19.0],
"G[0,2000]((phidot < -0.2 | phidot > 0.2) -> kart1_speed < 850)",/home/kvsakano/TeLEX/tests/data/model_08-27/playback_trace00_with_phidot.csv,"G[0.0,2000.0](((phidot < -0.2) | (phidot > 0.2)) => (kart1_speed < 850.0))",,,[True],[0.174965687841177],
"G[0,2000](kart1_speed < 900)",/home/kvsakano/TeLEX/tests/data/model_08-27/playback_trace73_with_phidot.csv,"G[0.0,2000.0](kart1_speed < 900.0)",,,[False],[-12.0],
"G[0,2000]((surface < 64 | surface > 64) -> F[0,60](surface < 65 & surface > 63))",/home/kvsakano/TeLEX/tests/data/model_08-27/playback_trace73_with_phidot.csv,"G[0.0,2000.0](((surface < 64.0) | (surface > 64.0)) => F[0.0,60.0]((surface < 65.0) & (surface > 63.0)))",,,[False],[-19.0],
"G[0,2000]((phidot < -0.2 | phidot > 0.2) -> kart1_speed < 850)",/home/kvsakano/TeLEX/tests/data/model_08-27/playback_trace73_with_phidot.csv,"G[0.0,2000.0](((phidot < -0.2) | (phidot > 0.2)) => (kart1_speed < 850.0))",,,[False],[-2.9362986564636229],
"G[0,2000](kart1_speed < 900)",/home/kvsakano/TeLEX/tests/data/model_08-27/playback_trace80_with_phidot.csv,"G[0.0,2000.0](kart1_speed < 900.0)",,,[False],[-12.0],
"G[0,2000]((surface < 64 | surface > 64) -> F[0,60](surface < 65 & surface > 63))",/home/kvsakano/TeLEX/tests/data/model_08-27/playback_trace80_with_phidot.csv,"G[0.0,2000.0](((surface < 64.0) | (surface > 64.0)) => F[0.0,60.0]((surface < 65.0) & (surface > 63.0)))",,,[False],[-19.0],
"G[0,2000]((phidot < -0.2 | phidot > 0.2) -> kart1_speed < 850)",/home/kvsakano/TeLEX/tests/data/model_08-27/playback_trace80_with_phidot.csv,"G[0.0,2000.0](((phidot < -0.2) | (phidot > 0.2)) => (kart1_speed < 850.0))",,,[False],[-2.9326644420623778],
"G[0,2000](kart1_speed < 900)",/home/kvsakano/TeLEX/tests/data/model_08-27/playback_trace53_with_phidot.csv,"G[0.0,2000.0](kart1_speed < 900.0)",,,[False],[-12.0],
"G[0,2000]((surface < 64 | surface > 64) -> F[0,60](surface < 65 & surface > 63))",/home/kvsakano/TeLEX/tests/data/model_08-27/playback_trace53_with_phidot.csv,"G[0.0,2000.0](((surface < 64.0) | (surface > 64.0)) => F[0.0,60.0]((surface < 65.0) & (surface > 63.0)))",,,[False],[-19.0],
"G[0,2000]((phidot < -0.2 | phidot > 0.2) -> kart1_speed < 850)",/home/kvsakano/TeLEX/tests/data/model_08-27/playback_trace53_with_phidot.csv,"G[0.0,2000.0](((phidot < -0.2) | (phidot > 0.2)) => (kart1_speed < 850.0))",,,[False],[-2.9345505714416502],
"G[0,2000](kart1_speed < 900)",/home/kvsakano/TeLEX/tests/data/model_08-27/playback_trace87_with_phidot.csv,"G[0.0,2000.0](kart1_speed < 900.0)",,,[True],[27.0],
"G[0,2000]((surface < 64 | surface > 64) -> F[0,60](surface < 65 & surface > 63))",/home/kvsakano/TeLEX/tests/data/model_08-27/playback_trace87_with_phidot.csv,"G[0.0,2000.0](((surface < 64.0) | (surface > 64.0)) => F[0.0,60.0]((surface < 65.0) & (surface > 63.0)))",,,[False],[-19.0],
"G[0,2000]((phidot < -0.2 | phidot > 0.2) -> kart1_speed < 850)",/home/kvsakano/TeLEX/tests/data/model_08-27/playback_trace87_with_phidot.csv,"G[0.0,2000.0](((phidot < -0.2) | (phidot > 0.2)) => (kart1_speed < 850.0))",,,[True],[0.1718387108296156],
"G[0,2000](kart1_speed < 900)",/home/kvsakano/TeLEX/tests/data/model_08-27/playback_trace71_with_phidot.csv,"G[0.0,2000.0](kart1_speed < 900.0)",,,[True],[20.0],
"G[0,2000]((surface < 64 | surface > 64) -> F[0,60](surface < 65 & surface > 63))",/home/kvsakano/TeLEX/tests/data/model_08-27/playback_trace71_with_phidot.csv,"G[0.0,2000.0](((surface < 64.0) | (surface > 64.0)) => F[0.0,60.0]((surface < 65.0) & (surface > 63.0)))",,,[False],[-19.0],
"G[0,2000]((phidot < -0.2 | phidot > 0.2) -> kart1_speed < 850)",/home/kvsakano/TeLEX/tests/data/model_08-27/playback_trace71_with_phidot.csv,"G[0.0,2000.0](((phidot < -0.2) | (phidot > 0.2)) => (kart1_speed < 850.0))",,,[True],[0.16902702003717424],
"G[0,2000](kart1_speed < 900)",/home/kvsakano/TeLEX/tests/data/model_08-27/playback_trace01_with_phidot.csv,"G[0.0,2000.0](kart1_speed < 900.0)",,,[False],[-12.0],
"G[0,2000]((surface < 64 | surface > 64) -> F[0,60](surface < 65 & surface > 63))",/home/kvsakano/TeLEX/tests/data/model_08-27/playback_trace01_with_phidot.csv,"G[0.0,2000.0](((surface < 64.0) | (surface > 64.0)) => F[0.0,60.0]((surface < 65.0) & (surface > 63.0)))",,,[False],[-19.0],
"G[0,2000]((phidot < -0.2 | phidot > 0.2) -> kart1_speed < 850)",/home/kvsakano/TeLEX/tests/data/model_08-27/playback_trace01_with_phidot.csv,"G[0.0,2000.0](((phidot < -0.2) | (phidot > 0.2)) => (kart1_speed < 850.0))",,,[False],[-2.9343066692352293],
"G[0,2000](kart1_speed < 900)",/home/kvsakano/TeLEX/tests/data/model_08-27/playback_trace28_with_phidot.csv,"G[0.0,2000.0](kart1_speed < 900.0)",,,[False],[-10.0],
"G[0,2000]((surface < 64 | surface > 64) -> F[0,60](surface < 65 & surface > 63))",/home/kvsakano/TeLEX/tests/data/model_08-27/playback_trace28_with_phidot.csv,"G[0.0,2000.0](((surface < 64.0) | (surface > 64.0)) => F[0.0,60.0]((surface < 65.0) & (surface > 63.0)))",,,[False],[-19.0],
"G[0,2000]((phidot < -0.2 | phidot > 0.2) -> kart1_speed < 850)",/home/kvsakano/TeLEX/tests/data/model_08-27/playback_trace28_with_phidot.csv,"G[0.0,2000.0](((phidot < -0.2) | (phidot > 0.2)) => (kart1_speed < 850.0))",,,[False],[-2.9342868804931639],
"G[0,2000](kart1_speed < 900)",/home/kvsakano/TeLEX/tests/data/model_08-27/playback_trace05_with_phidot.csv,"G[0.0,2000.0](kart1_speed < 900.0)",,,[False],[-12.0],
"G[0,2000]((surface < 64 | surface > 64) -> F[0,60](surface < 65 & surface > 63))",/home/kvsakano/TeLEX/tests/data/model_08-27/playback_trace05_with_phidot.csv,"G[0.0,2000.0](((surface < 64.0) | (surface > 64.0)) => F[0.0,60.0]((surface < 65.0) & (surface > 63.0)))",,,[False],[-19.0],
"G[0,2000]((phidot < -0.2 | phidot > 0.2) -> kart1_speed < 850)",/home/kvsakano/TeLEX/tests/data/model_08-27/playback_trace05_with_phidot.csv,"G[0.0,2000.0](((phidot < -0.2) | (phidot > 0.2)) => (kart1_speed < 850.0))",,,[False],[-2.9343855857849119],
"G[0,2000](kart1_speed < 900)",/home/kvsakano/TeLEX/tests/data/model_08-27/playback_trace51_with_phidot.csv,"G[0.0,2000.0](kart1_speed < 900.0)",,,[False],[-12.0],
"G[0,2000]((surface < 64 | surface > 64) -> F[0,60](surface < 65 & surface > 63))",/home/kvsakano/TeLEX/tests/data/model_08-27/playback_trace51_with_phidot.csv,"G[0.0,2000.0](((surface < 64.0) | (surface > 64.0)) => F[0.0,60.0]((surface < 65.0) & (surface > 63.0)))",,,[False],[-19.0],
"G[0,2000]((phidot < -0.2 | phidot > 0.2) -> kart1_speed < 850)",/home/kvsakano/TeLEX/tests/data/model_08-27/playback_trace51_with_phidot.csv,"G[0.0,2000.0](((phidot < -0.2) | (phidot > 0.2)) => (kart1_speed < 850.0))",,,[False],[-2.9237394809722899],
"G[0,2000](kart1_speed < 900)",/home/kvsakano/TeLEX/tests/data/model_08-27/playback_trace43_with_phidot.csv,"G[0.0,2000.0](kart1_speed < 900.0)",,,[True],[26.0],
"G[0,2000]((surface < 64 | surface > 64) -> F[0,60](surface < 65 & surface > 63))",/home/kvsakano/TeLEX/tests/data/model_08-27/playback_trace43_with_phidot.csv,"G[0.0,2000.0](((surface < 64.0) | (surface > 64.0)) => F[0.0,60.0]((surface < 65.0) & (surface > 63.0)))",,,[False],[-19.0],
"G[0,2000]((phidot < -0.2 | phidot > 0.2) -> kart1_speed < 850)",/home/kvsakano/TeLEX/tests/data/model_08-27/playback_trace43_with_phidot.csv,"G[0.0,2000.0](((phidot < -0.2) | (phidot > 0.2)) => (kart1_speed < 850.0))",,,[True],[0.15129925385117532],
"G[0,2000](kart1_speed < 900)",/home/kvsakano/TeLEX/tests/data/model_08-27/playback_trace55_with_phidot.csv,"G[0.0,2000.0](kart1_speed < 900.0)",,,[False],[-12.0],
"G[0,2000]((surface < 64 | surface > 64) -> F[0,60](surface < 65 & surface > 63))",/home/kvsakano/TeLEX/tests/data/model_08-27/playback_trace55_with_phidot.csv,"G[0.0,2000.0](((surface < 64.0) | (surface > 64.0)) => F[0.0,60.0]((surface < 65.0) & (surface > 63.0)))",,,[False],[-19.0],
"G[0,2000]((phidot < -0.2 | phidot > 0.2) -> kart1_speed < 850)",/home/kvsakano/TeLEX/tests/data/model_08-27/playback_trace55_with_phidot.csv,"G[0.0,2000.0](((phidot < -0.2) | (phidot > 0.2)) => (kart1_speed < 850.0))",,,[False],[-2.9362736225128172],
"G[0,2000](kart1_speed < 900)",/home/kvsakano/TeLEX/tests/data/model_08-27/playback_trace35_with_phidot.csv,"G[0.0,2000.0](kart1_speed < 900.0)",,,[False],[-12.0],
"G[0,2000]((surface < 64 | surface > 64) -> F[0,60](surface < 65 & surface > 63))",/home/kvsakano/TeLEX/tests/data/model_08-27/playback_trace35_with_phidot.csv,"G[0.0,2000.0](((surface < 64.0) | (surface > 64.0)) => F[0.0,60.0]((surface < 65.0) & (surface > 63.0)))",,,[False],[-19.0],
"G[0,2000]((phidot < -0.2 | phidot > 0.2) -> kart1_speed < 850)",/home/kvsakano/TeLEX/tests/data/model_08-27/playback_trace35_with_phidot.csv,"G[0.0,2000.0](((phidot < -0.2) | (phidot > 0.2)) => (kart1_speed < 850.0))",,,[False],[-2.9344499588012694],
"G[0,2000](kart1_speed < 900)",/home/kvsakano/TeLEX/tests/data/model_08-27/playback_trace67_with_phidot.csv,"G[0.0,2000.0](kart1_speed < 900.0)",,,[False],[-12.0],
"G[0,2000]((surface < 64 | surface > 64) -> F[0,60](surface < 65 & surface > 63))",/home/kvsakano/TeLEX/tests/data/model_08-27/playback_trace67_with_phidot.csv,"G[0.0,2000.0](((surface < 64.0) | (surface > 64.0)) => F[0.0,60.0]((surface < 65.0) & (surface > 63.0)))",,,[False],[-19.0],
"G[0,2000]((phidot < -0.2 | phidot > 0.2) -> kart1_speed < 850)",/home/kvsakano/TeLEX/tests/data/model_08-27/playback_trace67_with_phidot.csv,"G[0.0,2000.0](((phidot < -0.2) | (phidot > 0.2)) => (kart1_speed < 850.0))",,,[False],[-2.9182837486267088],
"G[0,2000](kart1_speed < 900)",/home/kvsakano/TeLEX/tests/data/model_08-27/playback_trace30_with_phidot.csv,"G[0.0,2000.0](kart1_speed < 900.0)",,,[False],[-12.0],
"G[0,2000]((surface < 64 | surface > 64) -> F[0,60](surface < 65 & surface > 63))",/home/kvsakano/TeLEX/tests/data/model_08-27/playback_trace30_with_phidot.csv,"G[0.0,2000.0](((surface < 64.0) | (surface > 64.0)) => F[0.0,60.0]((surface < 65.0) & (surface > 63.0)))",,,[False],[-19.0],
"G[0,2000]((phidot < -0.2 | phidot > 0.2) -> kart1_speed < 850)",/home/kvsakano/TeLEX/tests/data/model_08-27/playback_trace30_with_phidot.csv,"G[0.0,2000.0](((phidot < -0.2) | (phidot > 0.2)) => (kart1_speed < 850.0))",,,[False],[-2.930955934524536],
"G[0,2000](kart1_speed < 900)",/home/kvsakano/TeLEX/tests/data/model_08-27/playback_trace47_with_phidot.csv,"G[0.0,2000.0](kart1_speed < 900.0)",,,[False],[-10.0],
"G[0,2000]((surface < 64 | surface > 64) -> F[0,60](surface < 65 & surface > 63))",/home/kvsakano/TeLEX/tests/data/model_08-27/playback_trace47_with_phidot.csv,"G[0.0,2000.0](((surface < 64.0) | (surface > 64.0)) => F[0.0,60.0]((surface < 65.0) & (surface > 63.0)))",,,[False],[-19.0],
"G[0,2000]((phidot < -0.2 | phidot > 0.2) -> kart1_speed < 850)",/home/kvsakano/TeLEX/tests/data/model_08-27/playback_trace47_with_phidot.csv,"G[0.0,2000.0](((phidot < -0.2) | (phidot > 0.2)) => (kart1_speed < 850.0))",,,[False],[-2.0],
"G[0,2000](kart1_speed < 900)",/home/kvsakano/TeLEX/tests/data/model_08-27/playback_trace21_with_phidot.csv,"G[0.0,2000.0](kart1_speed < 900.0)",,,[False],[-12.0],
"G[0,2000]((surface < 64 | surface > 64) -> F[0,60](surface < 65 & surface > 63))",/home/kvsakano/TeLEX/tests/data/model_08-27/playback_trace21_with_phidot.csv,"G[0.0,2000.0](((surface < 64.0) | (surface > 64.0)) => F[0.0,60.0]((surface < 65.0) & (surface > 63.0)))",,,[False],[-19.0],
"G[0,2000]((phidot < -0.2 | phidot > 0.2) -> kart1_speed < 850)",/home/kvsakano/TeLEX/tests/data/model_08-27/playback_trace21_with_phidot.csv,"G[0.0,2000.0](((phidot < -0.2) | (phidot > 0.2)) => (kart1_speed < 850.0))",,,[False],[-2.9380465030670164],
"G[0,2000](kart1_speed < 900)",/home/kvsakano/TeLEX/tests/data/model_08-27/playback_trace39_with_phidot.csv,"G[0.0,2000.0](kart1_speed < 900.0)",,,[True],[22.0],
"G[0,2000]((surface < 64 | surface > 64) -> F[0,60](surface < 65 & surface > 63))",/home/kvsakano/TeLEX/tests/data/model_08-27/playback_trace39_with_phidot.csv,"G[0.0,2000.0](((surface < 64.0) | (surface > 64.0)) => F[0.0,60.0]((surface < 65.0) & (surface > 63.0)))",,,[False],[-19.0],
"G[0,2000]((phidot < -0.2 | phidot > 0.2) -> kart1_speed < 850)",/home/kvsakano/TeLEX/tests/data/model_08-27/playback_trace39_with_phidot.csv,"G[0.0,2000.0](((phidot < -0.2) | (phidot > 0.2)) => (kart1_speed < 850.0))",,,[True],[0.16786269918084146],
"G[0,2000](kart1_speed < 900)",/home/kvsakano/TeLEX/tests/data/model_08-27/playback_trace77_with_phidot.csv,"G[0.0,2000.0](kart1_speed < 900.0)",,,[False],[-12.0],
"G[0,2000]((surface < 64 | surface > 64) -> F[0,60](surface < 65 & surface > 63))",/home/kvsakano/TeLEX/tests/data/model_08-27/playback_trace77_with_phidot.csv,"G[0.0,2000.0](((surface < 64.0) | (surface > 64.0)) => F[0.0,60.0]((surface < 65.0) & (surface > 63.0)))",,,[False],[-19.0],
"G[0,2000]((phidot < -0.2 | phidot > 0.2) -> kart1_speed < 850)",/home/kvsakano/TeLEX/tests/data/model_08-27/playback_trace77_with_phidot.csv,"G[0.0,2000.0](((phidot < -0.2) | (phidot > 0.2)) => (kart1_speed < 850.0))",,,[False],[-2.936235475540161],
"G[0,2000](kart1_speed < 900)",/home/kvsakano/TeLEX/tests/data/model_08-27/playback_trace72_with_phidot.csv,"G[0.0,2000.0](kart1_speed < 900.0)",,,[True],[19.0],
"G[0,2000]((surface < 64 | surface > 64) -> F[0,60](surface < 65 & surface > 63))",/home/kvsakano/TeLEX/tests/data/model_08-27/playback_trace72_with_phidot.csv,"G[0.0,2000.0](((surface < 64.0) | (surface > 64.0)) => F[0.0,60.0]((surface < 65.0) & (surface > 63.0)))",,,[False],[-19.0],
"G[0,2000]((phidot < -0.2 | phidot > 0.2) -> kart1_speed < 850)",/home/kvsakano/TeLEX/tests/data/model_08-27/playback_trace72_with_phidot.csv,"G[0.0,2000.0](((phidot < -0.2) | (phidot > 0.2)) => (kart1_speed < 850.0))",,,[True],[0.16895083598792554],
"G[0,2000](kart1_speed < 900)",/home/kvsakano/TeLEX/tests/data/model_08-27/playback_trace57_with_phidot.csv,"G[0.0,2000.0](kart1_speed < 900.0)",,,[False],[-12.0],
"G[0,2000]((surface < 64 | surface > 64) -> F[0,60](surface < 65 & surface > 63))",/home/kvsakano/TeLEX/tests/data/model_08-27/playback_trace57_with_phidot.csv,"G[0.0,2000.0](((surface < 64.0) | (surface > 64.0)) => F[0.0,60.0]((surface < 65.0) & (surface > 63.0)))",,,[False],[-19.0],
"G[0,2000]((phidot < -0.2 | phidot > 0.2) -> kart1_speed < 850)",/home/kvsakano/TeLEX/tests/data/model_08-27/playback_trace57_with_phidot.csv,"G[0.0,2000.0](((phidot < -0.2) | (phidot > 0.2)) => (kart1_speed < 850.0))",,,[False],[-2.9345255374908445],
"G[0,2000](kart1_speed < 900)",/home/kvsakano/TeLEX/tests/data/model_08-27/playback_trace94_with_phidot.csv,"G[0.0,2000.0](kart1_speed < 900.0)",,,[False],[-12.0],
"G[0,2000]((surface < 64 | surface > 64) -> F[0,60](surface < 65 & surface > 63))",/home/kvsakano/TeLEX/tests/data/model_08-27/playback_trace94_with_phidot.csv,"G[0.0,2000.0](((surface < 64.0) | (surface > 64.0)) => F[0.0,60.0]((surface < 65.0) & (surface > 63.0)))",,,[False],[-19.0],
"G[0,2000]((phidot < -0.2 | phidot > 0.2) -> kart1_speed < 850)",/home/kvsakano/TeLEX/tests/data/model_08-27/playback_trace94_with_phidot.csv,"G[0.0,2000.0](((phidot < -0.2) | (phidot > 0.2)) => (kart1_speed < 850.0))",,,[False],[-2.9238534450531004],
"G[0,2000](kart1_speed < 900)",/home/kvsakano/TeLEX/tests/data/model_08-27/playback_trace33_with_phidot.csv,"G[0.0,2000.0](kart1_speed < 900.0)",,,[False],[-12.0],
"G[0,2000]((surface < 64 | surface > 64) -> F[0,60](surface < 65 & surface > 63))",/home/kvsakano/TeLEX/tests/data/model_08-27/playback_trace33_with_phidot.csv,"G[0.0,2000.0](((surface < 64.0) | (surface > 64.0)) => F[0.0,60.0]((surface < 65.0) & (surface > 63.0)))",,,[False],[-19.0],
"G[0,2000]((phidot < -0.2 | phidot > 0.2) -> kart1_speed < 850)",/home/kvsakano/TeLEX/tests/data/model_08-27/playback_trace33_with_phidot.csv,"G[0.0,2000.0](((phidot < -0.2) | (phidot > 0.2)) => (kart1_speed < 850.0))",,,[False],[-2.9363110542297362],
"G[0,2000](kart1_speed < 900)",/home/kvsakano/TeLEX/tests/data/model_08-27/playback_trace26_with_phidot.csv,"G[0.0,2000.0](kart1_speed < 900.0)",,,[False],[-12.0],
"G[0,2000]((surface < 64 | surface > 64) -> F[0,60](surface < 65 & surface > 63))",/home/kvsakano/TeLEX/tests/data/model_08-27/playback_trace26_with_phidot.csv,"G[0.0,2000.0](((surface < 64.0) | (surface > 64.0)) => F[0.0,60.0]((surface < 65.0) & (surface > 63.0)))",,,[False],[-19.0],
"G[0,2000]((phidot < -0.2 | phidot > 0.2) -> kart1_speed < 850)",/home/kvsakano/TeLEX/tests/data/model_08-27/playback_trace26_with_phidot.csv,"G[0.0,2000.0](((phidot < -0.2) | (phidot > 0.2)) => (kart1_speed < 850.0))",,,[False],[-2.9398196220397947],
"G[0,2000](kart1_speed < 900)",/home/kvsakano/TeLEX/tests/data/model_08-27/playback_trace52_with_phidot.csv,"G[0.0,2000.0](kart1_speed < 900.0)",,,[True],[19.0],
"G[0,2000]((surface < 64 | surface > 64) -> F[0,60](surface < 65 & surface > 63))",/home/kvsakano/TeLEX/tests/data/model_08-27/playback_trace52_with_phidot.csv,"G[0.0,2000.0](((surface < 64.0) | (surface > 64.0)) => F[0.0,60.0]((surface < 65.0) & (surface > 63.0)))",,,[False],[-19.0],
"G[0,2000]((phidot < -0.2 | phidot > 0.2) -> kart1_speed < 850)",/home/kvsakano/TeLEX/tests/data/model_08-27/playback_trace52_with_phidot.csv,"G[0.0,2000.0](((phidot < -0.2) | (phidot > 0.2)) => (kart1_speed < 850.0))",,,[True],[0.16634489297866822],
"G[0,2000](kart1_speed < 900)",/home/kvsakano/TeLEX/tests/data/model_08-27/playback_trace40_with_phidot.csv,"G[0.0,2000.0](kart1_speed < 900.0)",,,[False],[-12.0],
"G[0,2000]((surface < 64 | surface > 64) -> F[0,60](surface < 65 & surface > 63))",/home/kvsakano/TeLEX/tests/data/model_08-27/playback_trace40_with_phidot.csv,"G[0.0,2000.0](((surface < 64.0) | (surface > 64.0)) => F[0.0,60.0]((surface < 65.0) & (surface > 63.0)))",,,[False],[-19.0],
"G[0,2000]((phidot < -0.2 | phidot > 0.2) -> kart1_speed < 850)",/home/kvsakano/TeLEX/tests/data/model_08-27/playback_trace40_with_phidot.csv,"G[0.0,2000.0](((phidot < -0.2) | (phidot > 0.2)) => (kart1_speed < 850.0))",,,[False],[-2.9327528953552244],
"G[0,2000](kart1_speed < 900)",/home/kvsakano/TeLEX/tests/data/model_08-27/playback_trace15_with_phidot.csv,"G[0.0,2000.0](kart1_speed < 900.0)",,,[False],[-12.0],
"G[0,2000]((surface < 64 | surface > 64) -> F[0,60](surface < 65 & surface > 63))",/home/kvsakano/TeLEX/tests/data/model_08-27/playback_trace15_with_phidot.csv,"G[0.0,2000.0](((surface < 64.0) | (surface > 64.0)) => F[0.0,60.0]((surface < 65.0) & (surface > 63.0)))",,,[False],[-19.0],
"G[0,2000]((phidot < -0.2 | phidot > 0.2) -> kart1_speed < 850)",/home/kvsakano/TeLEX/tests/data/model_08-27/playback_trace15_with_phidot.csv,"G[0.0,2000.0](((phidot < -0.2) | (phidot > 0.2)) => (kart1_speed < 850.0))",,,[False],[-2.9345443725585936],
"G[0,2000](kart1_speed < 900)",/home/kvsakano/TeLEX/tests/data/model_08-27/playback_trace46_with_phidot.csv,"G[0.0,2000.0](kart1_speed < 900.0)",,,[False],[-12.0],
"G[0,2000]((surface < 64 | surface > 64) -> F[0,60](surface < 65 & surface > 63))",/home/kvsakano/TeLEX/tests/data/model_08-27/playback_trace46_with_phidot.csv,"G[0.0,2000.0](((surface < 64.0) | (surface > 64.0)) => F[0.0,60.0]((surface < 65.0) & (surface > 63.0)))",,,[False],[-19.0],
"G[0,2000]((phidot < -0.2 | phidot > 0.2) -> kart1_speed < 850)",/home/kvsakano/TeLEX/tests/data/model_08-27/playback_trace46_with_phidot.csv,"G[0.0,2000.0](((phidot < -0.2) | (phidot > 0.2)) => (kart1_speed < 850.0))",,,[False],[-2.9398382186889647],
"G[0,2000](kart1_speed < 900)",/home/kvsakano/TeLEX/tests/data/model_08-27/playback_trace31_with_phidot.csv,"G[0.0,2000.0](kart1_speed < 900.0)",,,[True],[21.0],
"G[0,2000]((surface < 64 | surface > 64) -> F[0,60](surface < 65 & surface > 63))",/home/kvsakano/TeLEX/tests/data/model_08-27/playback_trace31_with_phidot.csv,"G[0.0,2000.0](((surface < 64.0) | (surface > 64.0)) => F[0.0,60.0]((surface < 65.0) & (surface > 63.0)))",,,[False],[-19.0],
"G[0,2000]((phidot < -0.2 | phidot > 0.2) -> kart1_speed < 850)",/home/kvsakano/TeLEX/tests/data/model_08-27/playback_trace31_with_phidot.csv,"G[0.0,2000.0](((phidot < -0.2) | (phidot > 0.2)) => (kart1_speed < 850.0))",,,[True],[0.17017607092857362],
"G[0,2000](kart1_speed < 900)",/home/kvsakano/TeLEX/tests/data/model_08-27/playback_trace24_with_phidot.csv,"G[0.0,2000.0](kart1_speed < 900.0)",,,[True],[36.0],
"G[0,2000]((surface < 64 | surface > 64) -> F[0,60](surface < 65 & surface > 63))",/home/kvsakano/TeLEX/tests/data/model_08-27/playback_trace24_with_phidot.csv,"G[0.0,2000.0](((surface < 64.0) | (surface > 64.0)) => F[0.0,60.0]((surface < 65.0) & (surface > 63.0)))",,,[False],[-19.0],
"G[0,2000]((phidot < -0.2 | phidot > 0.2) -> kart1_speed < 850)",/home/kvsakano/TeLEX/tests/data/model_08-27/playback_trace24_with_phidot.csv,"G[0.0,2000.0](((phidot < -0.2) | (phidot > 0.2)) => (kart1_speed < 850.0))",,,[True],[0.12666675150394441],
"G[0,2000](kart1_speed < 900)",/home/kvsakano/TeLEX/tests/data/model_08-27/playback_trace74_with_phidot.csv,"G[0.0,2000.0](kart1_speed < 900.0)",,,[False],[-12.0],
"G[0,2000]((surface < 64 | surface > 64) -> F[0,60](surface < 65 & surface > 63))",/home/kvsakano/TeLEX/tests/data/model_08-27/playback_trace74_with_phidot.csv,"G[0.0,2000.0](((surface < 64.0) | (surface > 64.0)) => F[0.0,60.0]((surface < 65.0) & (surface > 63.0)))",,,[False],[-19.0],
"G[0,2000]((phidot < -0.2 | phidot > 0.2) -> kart1_speed < 850)",/home/kvsakano/TeLEX/tests/data/model_08-27/playback_trace74_with_phidot.csv,"G[0.0,2000.0](((phidot < -0.2) | (phidot > 0.2)) => (kart1_speed < 850.0))",,,[False],[-2.936235475540161],
"G[0,2000](kart1_speed < 900)",/home/kvsakano/TeLEX/tests/data/model_08-27/playback_trace22_with_phidot.csv,"G[0.0,2000.0](kart1_speed < 900.0)",,,[True],[26.0],
"G[0,2000]((surface < 64 | surface > 64) -> F[0,60](surface < 65 & surface > 63))",/home/kvsakano/TeLEX/tests/data/model_08-27/playback_trace22_with_phidot.csv,"G[0.0,2000.0](((surface < 64.0) | (surface > 64.0)) => F[0.0,60.0]((surface < 65.0) & (surface > 63.0)))",,,[False],[-19.0],
"G[0,2000]((phidot < -0.2 | phidot > 0.2) -> kart1_speed < 850)",/home/kvsakano/TeLEX/tests/data/model_08-27/playback_trace22_with_phidot.csv,"G[0.0,2000.0](((phidot < -0.2) | (phidot > 0.2)) => (kart1_speed < 850.0))",,,[False],[-1.0],
"G[0,2000](kart1_speed < 900)",/home/kvsakano/TeLEX/tests/data/model_08-27/playback_trace66_with_phidot.csv,"G[0.0,2000.0](kart1_speed < 900.0)",,,[False],[-12.0],
"G[0,2000]((surface < 64 | surface > 64) -> F[0,60](surface < 65 & surface > 63))",/home/kvsakano/TeLEX/tests/data/model_08-27/playback_trace66_with_phidot.csv,"G[0.0,2000.0](((surface < 64.0) | (surface > 64.0)) => F[0.0,60.0]((surface < 65.0) & (surface > 63.0)))",,,[False],[-19.0],
"G[0,2000]((phidot < -0.2 | phidot > 0.2) -> kart1_speed < 850)",/home/kvsakano/TeLEX/tests/data/model_08-27/playback_trace66_with_phidot.csv,"G[0.0,2000.0](((phidot < -0.2) | (phidot > 0.2)) => (kart1_speed < 850.0))",,,[False],[-2.9344499588012694],
"G[0,2000](kart1_speed < 900)",/home/kvsakano/TeLEX/tests/data/model_08-27/playback_trace03_with_phidot.csv,"G[0.0,2000.0](kart1_speed < 900.0)",,,[True],[2.0],
"G[0,2000]((surface < 64 | surface > 64) -> F[0,60](surface < 65 & surface > 63))",/home/kvsakano/TeLEX/tests/data/model_08-27/playback_trace03_with_phidot.csv,"G[0.0,2000.0](((surface < 64.0) | (surface > 64.0)) => F[0.0,60.0]((surface < 65.0) & (surface > 63.0)))",,,[False],[-19.0],
"G[0,2000]((phidot < -0.2 | phidot > 0.2) -> kart1_speed < 850)",/home/kvsakano/TeLEX/tests/data/model_08-27/playback_trace03_with_phidot.csv,"G[0.0,2000.0](((phidot < -0.2) | (phidot > 0.2)) => (kart1_speed < 850.0))",,,[False],[-2.9228723526000975],
"G[0,2000](kart1_speed < 900)",/home/kvsakano/TeLEX/tests/data/model_08-27/playback_trace25_with_phidot.csv,"G[0.0,2000.0](kart1_speed < 900.0)",,,[False],[-12.0],
"G[0,2000]((surface < 64 | surface > 64) -> F[0,60](surface < 65 & surface > 63))",/home/kvsakano/TeLEX/tests/data/model_08-27/playback_trace25_with_phidot.csv,"G[0.0,2000.0](((surface < 64.0) | (surface > 64.0)) => F[0.0,60.0]((surface < 65.0) & (surface > 63.0)))",,,[False],[-19.0],
"G[0,2000]((phidot < -0.2 | phidot > 0.2) -> kart1_speed < 850)",/home/kvsakano/TeLEX/tests/data/model_08-27/playback_trace25_with_phidot.csv,"G[0.0,2000.0](((phidot < -0.2) | (phidot > 0.2)) => (kart1_speed < 850.0))",,,[False],[-2.9380777359008787],
"G[0,2000](kart1_speed < 900)",/home/kvsakano/TeLEX/tests/data/model_08-27/playback_trace68_with_phidot.csv,"G[0.0,2000.0](kart1_speed < 900.0)",,,[False],[-12.0],
"G[0,2000]((surface < 64 | surface > 64) -> F[0,60](surface < 65 & surface > 63))",/home/kvsakano/TeLEX/tests/data/model_08-27/playback_trace68_with_phidot.csv,"G[0.0,2000.0](((surface < 64.0) | (surface > 64.0)) => F[0.0,60.0]((surface < 65.0) & (surface > 63.0)))",,,[False],[-19.0],
"G[0,2000]((phidot < -0.2 | phidot > 0.2) -> kart1_speed < 850)",/home/kvsakano/TeLEX/tests/data/model_08-27/playback_trace68_with_phidot.csv,"G[0.0,2000.0](((phidot < -0.2) | (phidot > 0.2)) => (kart1_speed < 850.0))",,,[False],[-2.9327278614044188],
"G[0,2000](kart1_speed < 900)",/home/kvsakano/TeLEX/tests/data/model_08-27/playback_trace97_with_phidot.csv,"G[0.0,2000.0](kart1_speed < 900.0)",,,[False],[-10.0],
"G[0,2000]((surface < 64 | surface > 64) -> F[0,60](surface < 65 & surface > 63))",/home/kvsakano/TeLEX/tests/data/model_08-27/playback_trace97_with_phidot.csv,"G[0.0,2000.0](((surface < 64.0) | (surface > 64.0)) => F[0.0,60.0]((surface < 65.0) & (surface > 63.0)))",,,[False],[-19.0],
"G[0,2000]((phidot < -0.2 | phidot > 0.2) -> kart1_speed < 850)",/home/kvsakano/TeLEX/tests/data/model_08-27/playback_trace97_with_phidot.csv,"G[0.0,2000.0](((phidot < -0.2) | (phidot > 0.2)) => (kart1_speed < 850.0))",,,[False],[-2.9397476196289061],
"G[0,2000](kart1_speed < 900)",/home/kvsakano/TeLEX/tests/data/model_08-27/playback_trace83_with_phidot.csv,"G[0.0,2000.0](kart1_speed < 900.0)",,,[False],[-12.0],
"G[0,2000]((surface < 64 | surface > 64) -> F[0,60](surface < 65 & surface > 63))",/home/kvsakano/TeLEX/tests/data/model_08-27/playback_trace83_with_phidot.csv,"G[0.0,2000.0](((surface < 64.0) | (surface > 64.0)) => F[0.0,60.0]((surface < 65.0) & (surface > 63.0)))",,,[False],[-19.0],
"G[0,2000]((phidot < -0.2 | phidot > 0.2) -> kart1_speed < 850)",/home/kvsakano/TeLEX/tests/data/model_08-27/playback_trace83_with_phidot.csv,"G[0.0,2000.0](((phidot < -0.2) | (phidot > 0.2)) => (kart1_speed < 850.0))",,,[False],[-2.9309552192687987],
"G[0,2000](kart1_speed < 900)",/home/kvsakano/TeLEX/tests/data/model_08-27/playback_trace37_with_phidot.csv,"G[0.0,2000.0](kart1_speed < 900.0)",,,[True],[4.0],
"G[0,2000]((surface < 64 | surface > 64) -> F[0,60](surface < 65 & surface > 63))",/home/kvsakano/TeLEX/tests/data/model_08-27/playback_trace37_with_phidot.csv,"G[0.0,2000.0](((surface < 64.0) | (surface > 64.0)) => F[0.0,60.0]((surface < 65.0) & (surface > 63.0)))",,,[False],[-19.0],
"G[0,2000]((phidot < -0.2 | phidot > 0.2) -> kart1_speed < 850)",/home/kvsakano/TeLEX/tests/data/model_08-27/playback_trace37_with_phidot.csv,"G[0.0,2000.0](((phidot < -0.2) | (phidot > 0.2)) => (kart1_speed < 850.0))",,,[True],[0.05521751642227174],
"G[0,2000](kart1_speed < 900)",/home/kvsakano/TeLEX/tests/data/model_08-27/playback_trace27_with_phidot.csv,"G[0.0,2000.0](kart1_speed < 900.0)",,,[True],[20.0],
"G[0,2000]((surface < 64 | surface > 64) -> F[0,60](surface < 65 & surface > 63))",/home/kvsakano/TeLEX/tests/data/model_08-27/playback_trace27_with_phidot.csv,"G[0.0,2000.0](((surface < 64.0) | (surface > 64.0)) => F[0.0,60.0]((surface < 65.0) & (surface > 63.0)))",,,[False],[-19.0],
"G[0,2000]((phidot < -0.2 | phidot > 0.2) -> kart1_speed < 850)",/home/kvsakano/TeLEX/tests/data/model_08-27/playback_trace27_with_phidot.csv,"G[0.0,2000.0](((phidot < -0.2) | (phidot > 0.2)) => (kart1_speed < 850.0))",,,[True],[0.068655443191528331],
"G[0,2000](kart1_speed < 900)",/home/kvsakano/TeLEX/tests/data/model_08-27/playback_trace76_with_phidot.csv,"G[0.0,2000.0](kart1_speed < 900.0)",,,[False],[-12.0],
"G[0,2000]((surface < 64 | surface > 64) -> F[0,60](surface < 65 & surface > 63))",/home/kvsakano/TeLEX/tests/data/model_08-27/playback_trace76_with_phidot.csv,"G[0.0,2000.0](((surface < 64.0) | (surface > 64.0)) => F[0.0,60.0]((surface < 65.0) & (surface > 63.0)))",,,[False],[-19.0],
"G[0,2000]((phidot < -0.2 | phidot > 0.2) -> kart1_speed < 850)",/home/kvsakano/TeLEX/tests/data/model_08-27/playback_trace76_with_phidot.csv,"G[0.0,2000.0](((phidot < -0.2) | (phidot > 0.2)) => (kart1_speed < 850.0))",,,[False],[-2.9380839347839354],
"G[0,2000](kart1_speed < 900)",/home/kvsakano/TeLEX/tests/data/model_08-27/playback_trace86_with_phidot.csv,"G[0.0,2000.0](kart1_speed < 900.0)",,,[False],[-12.0],
"G[0,2000]((surface < 64 | surface > 64) -> F[0,60](surface < 65 & surface > 63))",/home/kvsakano/TeLEX/tests/data/model_08-27/playback_trace86_with_phidot.csv,"G[0.0,2000.0](((surface < 64.0) | (surface > 64.0)) => F[0.0,60.0]((surface < 65.0) & (surface > 63.0)))",,,[False],[-19.0],
"G[0,2000]((phidot < -0.2 | phidot > 0.2) -> kart1_speed < 850)",/home/kvsakano/TeLEX/tests/data/model_08-27/playback_trace86_with_phidot.csv,"G[0.0,2000.0](((phidot < -0.2) | (phidot > 0.2)) => (kart1_speed < 850.0))",,,[False],[-2.9327908039093016],
"G[0,2000](kart1_speed < 900)",/home/kvsakano/TeLEX/tests/data/model_08-27/playback_trace61_with_phidot.csv,"G[0.0,2000.0](kart1_speed < 900.0)",,,[False],[-12.0],
"G[0,2000]((surface < 64 | surface > 64) -> F[0,60](surface < 65 & surface > 63))",/home/kvsakano/TeLEX/tests/data/model_08-27/playback_trace61_with_phidot.csv,"G[0.0,2000.0](((surface < 64.0) | (surface > 64.0)) => F[0.0,60.0]((surface < 65.0) & (surface > 63.0)))",,,[False],[-19.0],
"G[0,2000]((phidot < -0.2 | phidot > 0.2) -> kart1_speed < 850)",/home/kvsakano/TeLEX/tests/data/model_08-27/playback_trace61_with_phidot.csv,"G[0.0,2000.0](((phidot < -0.2) | (phidot > 0.2)) => (kart1_speed < 850.0))",,,[False],[-2.9292386054992674],
"G[0,2000](kart1_speed < 900)",/home/kvsakano/TeLEX/tests/data/model_08-27/playback_trace41_with_phidot.csv,"G[0.0,2000.0](kart1_speed < 900.0)",,,[True],[12.0],
"G[0,2000]((surface < 64 | surface > 64) -> F[0,60](surface < 65 & surface > 63))",/home/kvsakano/TeLEX/tests/data/model_08-27/playback_trace41_with_phidot.csv,"G[0.0,2000.0](((surface < 64.0) | (surface > 64.0)) => F[0.0,60.0]((surface < 65.0) & (surface > 63.0)))",,,[False],[-19.0],
"G[0,2000]((phidot < -0.2 | phidot > 0.2) -> kart1_speed < 850)",/home/kvsakano/TeLEX/tests/data/model_08-27/playback_trace41_with_phidot.csv,"G[0.0,2000.0](((phidot < -0.2) | (phidot > 0.2)) => (kart1_speed < 850.0))",,,[True],[0.16900704875588418],
"G[0,2000](kart1_speed < 900)",/home/kvsakano/TeLEX/tests/data/model_08-27/playback_trace10_with_phidot.csv,"G[0.0,2000.0](kart1_speed < 900.0)",,,[False],[-12.0],
"G[0,2000]((surface < 64 | surface > 64) -> F[0,60](surface < 65 & surface > 63))",/home/kvsakano/TeLEX/tests/data/model_08-27/playback_trace10_with_phidot.csv,"G[0.0,2000.0](((surface < 64.0) | (surface > 64.0)) => F[0.0,60.0]((surface < 65.0) & (surface > 63.0)))",,,[False],[-19.0],
"G[0,2000]((phidot < -0.2 | phidot > 0.2) -> kart1_speed < 850)",/home/kvsakano/TeLEX/tests/data/model_08-27/playback_trace10_with_phidot.csv,"G[0.0,2000.0](((phidot < -0.2) | (phidot > 0.2)) => (kart1_speed < 850.0))",,,[False],[-2.9380591392517088],
"G[0,2000](kart1_speed < 900)",/home/kvsakano/TeLEX/tests/data/model_08-27/playback_trace56_with_phidot.csv,"G[0.0,2000.0](kart1_speed < 900.0)",,,[False],[-12.0],
"G[0,2000]((surface < 64 | surface > 64) -> F[0,60](surface < 65 & surface > 63))",/home/kvsakano/TeLEX/tests/data/model_08-27/playback_trace56_with_phidot.csv,"G[0.0,2000.0](((surface < 64.0) | (surface > 64.0)) => F[0.0,60.0]((surface < 65.0) & (surface > 63.0)))",,,[False],[-19.0],
"G[0,2000]((phidot < -0.2 | phidot > 0.2) -> kart1_speed < 850)",/home/kvsakano/TeLEX/tests/data/model_08-27/playback_trace56_with_phidot.csv,"G[0.0,2000.0](((phidot < -0.2) | (phidot > 0.2)) => (kart1_speed < 850.0))",,,[False],[-2.9326003074645994],
"G[0,2000](kart1_speed < 900)",/home/kvsakano/TeLEX/tests/data/model_08-27/playback_trace18_with_phidot.csv,"G[0.0,2000.0](kart1_speed < 900.0)",,,[False],[-5.0],
"G[0,2000]((surface < 64 | surface > 64) -> F[0,60](surface < 65 & surface > 63))",/home/kvsakano/TeLEX/tests/data/model_08-27/playback_trace18_with_phidot.csv,"G[0.0,2000.0](((surface < 64.0) | (surface > 64.0)) => F[0.0,60.0]((surface < 65.0) & (surface > 63.0)))",,,[False],[-19.0],
"G[0,2000]((phidot < -0.2 | phidot > 0.2) -> kart1_speed < 850)",/home/kvsakano/TeLEX/tests/data/model_08-27/playback_trace18_with_phidot.csv,"G[0.0,2000.0](((phidot < -0.2) | (phidot > 0.2)) => (kart1_speed < 850.0))",,,[False],[-2.927127170562744],
"G[0,2000](kart1_speed < 900)",/home/kvsakano/TeLEX/tests/data/model_08-27/playback_trace93_with_phidot.csv,"G[0.0,2000.0](kart1_speed < 900.0)",,,[False],[-12.0],
"G[0,2000]((surface < 64 | surface > 64) -> F[0,60](surface < 65 & surface > 63))",/home/kvsakano/TeLEX/tests/data/model_08-27/playback_trace93_with_phidot.csv,"G[0.0,2000.0](((surface < 64.0) | (surface > 64.0)) => F[0.0,60.0]((surface < 65.0) & (surface > 63.0)))",,,[False],[-19.0],
"G[0,2000]((phidot < -0.2 | phidot > 0.2) -> kart1_speed < 850)",/home/kvsakano/TeLEX/tests/data/model_08-27/playback_trace93_with_phidot.csv,"G[0.0,2000.0](((phidot < -0.2) | (phidot > 0.2)) => (kart1_speed < 850.0))",,,[False],[-2.9398196220397947],
"G[0,2000](kart1_speed < 900)",/home/kvsakano/TeLEX/tests/data/model_08-27/playback_trace63_with_phidot.csv,"G[0.0,2000.0](kart1_speed < 900.0)",,,[True],[16.0],
"G[0,2000]((surface < 64 | surface > 64) -> F[0,60](surface < 65 & surface > 63))",/home/kvsakano/TeLEX/tests/data/model_08-27/playback_trace63_with_phidot.csv,"G[0.0,2000.0](((surface < 64.0) | (surface > 64.0)) => F[0.0,60.0]((surface < 65.0) & (surface > 63.0)))",,,[False],[-19.0],
"G[0,2000]((phidot < -0.2 | phidot > 0.2) -> kart1_speed < 850)",/home/kvsakano/TeLEX/tests/data/model_08-27/playback_trace63_with_phidot.csv,"G[0.0,2000.0](((phidot < -0.2) | (phidot > 0.2)) => (kart1_speed < 850.0))",,,[True],[0.16828865632414819],
"G[0,2000](kart1_speed < 900)",/home/kvsakano/TeLEX/tests/data/model_08-27/playback_trace16_with_phidot.csv,"G[0.0,2000.0](kart1_speed < 900.0)",,,[True],[30.0],
"G[0,2000]((surface < 64 | surface > 64) -> F[0,60](surface < 65 & surface > 63))",/home/kvsakano/TeLEX/tests/data/model_08-27/playback_trace16_with_phidot.csv,"G[0.0,2000.0](((surface < 64.0) | (surface > 64.0)) => F[0.0,60.0]((surface < 65.0) & (surface > 63.0)))",,,[False],[-19.0],
"G[0,2000]((phidot < -0.2 | phidot > 0.2) -> kart1_speed < 850)",/home/kvsakano/TeLEX/tests/data/model_08-27/playback_trace16_with_phidot.csv,"G[0.0,2000.0](((phidot < -0.2) | (phidot > 0.2)) => (kart1_speed < 850.0))",,,[True],[0.15413300022482873],
"G[0,2000](kart1_speed < 900)",/home/kvsakano/TeLEX/tests/data/model_08-27/playback_trace58_with_phidot.csv,"G[0.0,2000.0](kart1_speed < 900.0)",,,[True],[42.0],
"G[0,2000]((surface < 64 | surface > 64) -> F[0,60](surface < 65 & surface > 63))",/home/kvsakano/TeLEX/tests/data/model_08-27/playback_trace58_with_phidot.csv,"G[0.0,2000.0](((surface < 64.0) | (surface > 64.0)) => F[0.0,60.0]((surface < 65.0) & (surface > 63.0)))",,,[False],[-19.0],
"G[0,2000]((phidot < -0.2 | phidot > 0.2) -> kart1_speed < 850)",/home/kvsakano/TeLEX/tests/data/model_08-27/playback_trace58_with_phidot.csv,"G[0.0,2000.0](((phidot < -0.2) | (phidot > 0.2)) => (kart1_speed < 850.0))",,,[True],[0.15523966848850251],
"G[0,2000](kart1_speed < 900)",/home/kvsakano/TeLEX/tests/data/model_08-27/playback_trace90_with_phidot.csv,"G[0.0,2000.0](kart1_speed < 900.0)",,,[False],[-5.0],
"G[0,2000]((surface < 64 | surface > 64) -> F[0,60](surface < 65 & surface > 63))",/home/kvsakano/TeLEX/tests/data/model_08-27/playback_trace90_with_phidot.csv,"G[0.0,2000.0](((surface < 64.0) | (surface > 64.0)) => F[0.0,60.0]((surface < 65.0) & (surface > 63.0)))",,,[False],[-19.0],
"G[0,2000]((phidot < -0.2 | phidot > 0.2) -> kart1_speed < 850)",/home/kvsakano/TeLEX/tests/data/model_08-27/playback_trace90_with_phidot.csv,"G[0.0,2000.0](((phidot < -0.2) | (phidot > 0.2)) => (kart1_speed < 850.0))",,,[False],[-2.9362357139587401],
"G[0,2000](kart1_speed < 900)",/home/kvsakano/TeLEX/tests/data/model_08-27/playback_trace70_with_phidot.csv,"G[0.0,2000.0](kart1_speed < 900.0)",,,[True],[59.0],
"G[0,2000]((surface < 64 | surface > 64) -> F[0,60](surface < 65 & surface > 63))",/home/kvsakano/TeLEX/tests/data/model_08-27/playback_trace70_with_phidot.csv,"G[0.0,2000.0](((surface < 64.0) | (surface > 64.0)) => F[0.0,60.0]((surface < 65.0) & (surface > 63.0)))",,,[False],[-19.0],
"G[0,2000]((phidot < -0.2 | phidot > 0.2) -> kart1_speed < 850)",/home/kvsakano/TeLEX/tests/data/model_08-27/playback_trace70_with_phidot.csv,"G[0.0,2000.0](((phidot < -0.2) | (phidot > 0.2)) => (kart1_speed < 850.0))",,,[True],[9.0],
"G[0,2000](kart1_speed < 900)",/home/kvsakano/TeLEX/tests/data/model_08-27/playback_trace85_with_phidot.csv,"G[0.0,2000.0](kart1_speed < 900.0)",,,[False],[-12.0],
"G[0,2000]((surface < 64 | surface > 64) -> F[0,60](surface < 65 & surface > 63))",/home/kvsakano/TeLEX/tests/data/model_08-27/playback_trace85_with_phidot.csv,"G[0.0,2000.0](((surface < 64.0) | (surface > 64.0)) => F[0.0,60.0]((surface < 65.0) & (surface > 63.0)))",,,[False],[-19.0],
"G[0,2000]((phidot < -0.2 | phidot > 0.2) -> kart1_speed < 850)",/home/kvsakano/TeLEX/tests/data/model_08-27/playback_trace85_with_phidot.csv,"G[0.0,2000.0](((phidot < -0.2) | (phidot > 0.2)) => (kart1_speed < 850.0))",,,[False],[-2.9237373352050779],
"G[0,2000](kart1_speed < 900)",/home/kvsakano/TeLEX/tests/data/model_08-27/playback_trace02_with_phidot.csv,"G[0.0,2000.0](kart1_speed < 900.0)",,,[False],[-12.0],
"G[0,2000]((surface < 64 | surface > 64) -> F[0,60](surface < 65 & surface > 63))",/home/kvsakano/TeLEX/tests/data/model_08-27/playback_trace02_with_phidot.csv,"G[0.0,2000.0](((surface < 64.0) | (surface > 64.0)) => F[0.0,60.0]((surface < 65.0) & (surface > 63.0)))",,,[False],[-19.0],
"G[0,2000]((phidot < -0.2 | phidot > 0.2) -> kart1_speed < 850)",/home/kvsakano/TeLEX/tests/data/model_08-27/playback_trace02_with_phidot.csv,"G[0.0,2000.0](((phidot < -0.2) | (phidot > 0.2)) => (kart1_speed < 850.0))",,,[False],[-2.9308801174163817],
"G[0,2000](kart1_speed < 900)",/home/kvsakano/TeLEX/tests/data/model_08-27/playback_trace92_with_phidot.csv,"G[0.0,2000.0](kart1_speed < 900.0)",,,[True],[37.0],
"G[0,2000]((surface < 64 | surface > 64) -> F[0,60](surface < 65 & surface > 63))",/home/kvsakano/TeLEX/tests/data/model_08-27/playback_trace92_with_phidot.csv,"G[0.0,2000.0](((surface < 64.0) | (surface > 64.0)) => F[0.0,60.0]((surface < 65.0) & (surface > 63.0)))",,,[False],[-19.0],
"G[0,2000]((phidot < -0.2 | phidot > 0.2) -> kart1_speed < 850)",/home/kvsakano/TeLEX/tests/data/model_08-27/playback_trace92_with_phidot.csv,"G[0.0,2000.0](((phidot < -0.2) | (phidot > 0.2)) => (kart1_speed < 850.0))",,,[True],[0.17892845980823041],
"G[0,2000](kart1_speed < 900)",/home/kvsakano/TeLEX/tests/data/model_08-27/playback_trace89_with_phidot.csv,"G[0.0,2000.0](kart1_speed < 900.0)",,,[False],[-12.0],
"G[0,2000]((surface < 64 | surface > 64) -> F[0,60](surface < 65 & surface > 63))",/home/kvsakano/TeLEX/tests/data/model_08-27/playback_trace89_with_phidot.csv,"G[0.0,2000.0](((surface < 64.0) | (surface > 64.0)) => F[0.0,60.0]((surface < 65.0) & (surface > 63.0)))",,,[False],[-19.0],
"G[0,2000]((phidot < -0.2 | phidot > 0.2) -> kart1_speed < 850)",/home/kvsakano/TeLEX/tests/data/model_08-27/playback_trace89_with_phidot.csv,"G[0.0,2000.0](((phidot < -0.2) | (phidot > 0.2)) => (kart1_speed < 850.0))",,,[False],[-2.934500741958618],
"G[0,2000](kart1_speed < 900)",/home/kvsakano/TeLEX/tests/data/model_08-27/playback_trace69_with_phidot.csv,"G[0.0,2000.0](kart1_speed < 900.0)",,,[True],[12.0],
"G[0,2000]((surface < 64 | surface > 64) -> F[0,60](surface < 65 & surface > 63))",/home/kvsakano/TeLEX/tests/data/model_08-27/playback_trace69_with_phidot.csv,"G[0.0,2000.0](((surface < 64.0) | (surface > 64.0)) => F[0.0,60.0]((surface < 65.0) & (surface > 63.0)))",,,[False],[-19.0],
"G[0,2000]((phidot < -0.2 | phidot > 0.2) -> kart1_speed < 850)",/home/kvsakano/TeLEX/tests/data/model_08-27/playback_trace69_with_phidot.csv,"G[0.0,2000.0](((phidot < -0.2) | (phidot > 0.2)) => (kart1_speed < 850.0))",,,[True],[0.16765317395329477],
"G[0,2000](kart1_speed < 900)",/home/kvsakano/TeLEX/tests/data/model_08-27/playback_trace48_with_phidot.csv,"G[0.0,2000.0](kart1_speed < 900.0)",,,[False],[-12.0],
"G[0,2000]((surface < 64 | surface > 64) -> F[0,60](surface < 65 & surface > 63))",/home/kvsakano/TeLEX/tests/data/model_08-27/playback_trace48_with_phidot.csv,"G[0.0,2000.0](((surface < 64.0) | (surface > 64.0)) => F[0.0,60.0]((surface < 65.0) & (surface > 63.0)))",,,[False],[-19.0],
"G[0,2000]((phidot < -0.2 | phidot > 0.2) -> kart1_speed < 850)",/home/kvsakano/TeLEX/tests/data/model_08-27/playback_trace48_with_phidot.csv,"G[0.0,2000.0](((phidot < -0.2) | (phidot > 0.2)) => (kart1_speed < 850.0))",,,[False],[-2.9256051063537596],
"G[0,2000](kart1_speed < 900)",/home/kvsakano/TeLEX/tests/data/model_08-27/playback_trace59_with_phidot.csv,"G[0.0,2000.0](kart1_speed < 900.0)",,,[False],[-12.0],
"G[0,2000]((surface < 64 | surface > 64) -> F[0,60](surface < 65 & surface > 63))",/home/kvsakano/TeLEX/tests/data/model_08-27/playback_trace59_with_phidot.csv,"G[0.0,2000.0](((surface < 64.0) | (surface > 64.0)) => F[0.0,60.0]((surface < 65.0) & (surface > 63.0)))",,,[False],[-19.0],
"G[0,2000]((phidot < -0.2 | phidot > 0.2) -> kart1_speed < 850)",/home/kvsakano/TeLEX/tests/data/model_08-27/playback_trace59_with_phidot.csv,"G[0.0,2000.0](((phidot < -0.2) | (phidot > 0.2)) => (kart1_speed < 850.0))",,,[False],[-2.939832019805908],
"G[0,2000](kart1_speed < 900)",/home/kvsakano/TeLEX/tests/data/model_08-27/playback_trace32_with_phidot.csv,"G[0.0,2000.0](kart1_speed < 900.0)",,,[False],[-12.0],
"G[0,2000]((surface < 64 | surface > 64) -> F[0,60](surface < 65 & surface > 63))",/home/kvsakano/TeLEX/tests/data/model_08-27/playback_trace32_with_phidot.csv,"G[0.0,2000.0](((surface < 64.0) | (surface > 64.0)) => F[0.0,60.0]((surface < 65.0) & (surface > 63.0)))",,,[False],[-19.0],
"G[0,2000]((phidot < -0.2 | phidot > 0.2) -> kart1_speed < 850)",/home/kvsakano/TeLEX/tests/data/model_08-27/playback_trace32_with_phidot.csv,"G[0.0,2000.0](((phidot < -0.2) | (phidot > 0.2)) => (kart1_speed < 850.0))",,,[False],[-2.9309552192687987],
